{"cameraMode":{"drawMode":0,"name":"Shaded","section":"Shading Mode"},"sceneLighting":true,"audioPlay":false,"sceneViewState":{"m_AlwaysRefresh":false,"showFog":true,"showSkybox":true,"showFlares":true,"showImageEffects":true,"showParticleSystems":true,"showVisualEffectGraphs":true,"m_FxEnabled":true},"in2DMode":false,"pivot":{"x":19.698158264160158,"y":4.068865776062012,"z":1.2085762023925782},"rotation":{"x":0.20246832072734834,"y":-0.033777836710214618,"z":0.00698730768635869,"w":0.9786855578422546},"size":8.649036407470704,"orthographic":true}